{"blacklist": [], "127.0.0.1": {"login": [1636588066.6748853, 0], "register": [1636588066.6748862, 0], "comment": [1636588066.6748867, 0], "cooldown": 0, "strikes": 0}}